{
  "$schema": "http://adaptivecards.io/schemas/adaptive-card.json",
  "type": "AdaptiveCard",
  "version": "1.0",
  "body": [
    {
      "type": "Image",
      "url": "https://drive.google.com/uc?id=145f8iXSmu1HTt-ot4-Mmoo03iq3JpwOE",
      "size": "stretch"
    },
    {
      "type": "TextBlock",
      "spacing": "medium",
      "size": "default",
      "weight": "bolder",
      "text": "Bienvenue chez Fly Me!",
      "wrap": true,
      "maxLines": 0
    },
    {
      "type": "TextBlock",
      "size": "default",
      "isSubtle": true,
      "text": "Je vous assiste virtuellement avec Fly Me et je peux vous prendre un vol pour vos prochaines vacances. Dites 'Hi' pour commencer.",
      "wrap": true,
      "maxLines": 0
    }
  ],
  "actions": [
    {
      "type": "Action.OpenUrl",
      "title": "Obtenir un visuel du vol en temps reel",
      "url": "https://www.flightradar24.com/"
    }
  ]
}